{
    "validation_rmse": 109.43713370660083,
    "gridsearch_rmse": 97.96613641100369,
    "validation_r2": 0.0873199354688664
}