{
    "validation_rmse": 133.73609364043634,
    "gridsearch_rmse": 97.5211322126212,
    "validation_r2": -0.36297036119731807
}