{
    "training_rmse": 15.816421328565053,
    "training_r2": 0.9835714219538021,
    "validation_rmse": 18.481825972834436,
    "validation_r2": 0.9739697165114892
}