{
    "training_rmse": 104.37342361410498,
    "training_r2": 0.28457620153087215,
    "validation_rmse": 108.54524096818533,
    "validation_r2": 0.10213566879020264
}