{
    "training_rmse": 70.27793471266376,
    "training_r2": 0.6756443221015918,
    "validation_rmse": 78.92467209536069,
    "validation_r2": 0.5253049344549718
}