{
    "RMSE_loss": {
        "training": 0.6324599567268576,
        "validation": 0.6231781501322985,
        "test": 0.431294322013855
    },
    "R_squared": {
        "training": 0.3988411557145298,
        "validation": 0.471338768588493,
        "test": 0.6652688317119199
    },
    "training_duration": 1.9527828693389893,
    "inference_latency": 0.0006972721644810268
}