{
    "training_rmse": 81.9137218738254,
    "training_r2": 0.5593468868343417,
    "validation_rmse": 78.66951719033547,
    "validation_r2": 0.5283692484645467
}