{
    "validation_rmse": 101.86512427627144,
    "gridsearch_rmse": 92.62686487608235,
    "validation_r2": 0.2092482102837555
}