{
    "validation_rmse": 101.63984683370312,
    "gridsearch_rmse": 93.53765214999888,
    "validation_r2": 0.212741880233853
}