{
    "RMSE_loss": {
        "training": 437.2657882917495,
        "validation": 254.80055212974548,
        "test": 128.21546718052454
    },
    "R_squared": {
        "training": -1952.2829773530923,
        "validation": -6.026171807834392,
        "test": -0.04435336657807443
    },
    "training_duration": 1.759333848953247,
    "inference_latency": 0.0
}