{
    "RMSE_loss": {
        "training": 124.59336711338588,
        "validation": 110.78561940193177,
        "test": 103.47922897338867
    },
    "R_squared": {
        "training": -0.44029965279979216,
        "validation": -0.21042106234974128,
        "test": -0.15234398737420637
    },
    "training_duration": 1.9368557929992676,
    "inference_latency": 0.0005652904510498047
}