{
    "RMSE_loss": {
        "training": 0.630049271384875,
        "validation": 0.6651853024959564,
        "test": 0.4554870980126517
    },
    "R_squared": {
        "training": 0.4626958356993247,
        "validation": 0.5335704684962626,
        "test": 0.6531582343989891
    },
    "training_duration": 2.3168106079101562,
    "inference_latency": 0.00014250619070870535
}