{
    "validation_rmse": 102.33429938368708,
    "gridsearch_rmse": 95.05038890665303,
    "validation_r2": 0.20194727298172055
}