{
    "RMSE_loss": {
        "training": 0.6843199531592074,
        "validation": 0.5373092500492931,
        "test": 0.5302794533116477
    },
    "R_squared": {
        "training": 0.26343222587341886,
        "validation": 0.4326254905888808,
        "test": 0.7318324614275807
    },
    "training_duration": 2.133267879486084,
    "inference_latency": 0.0005621910095214844
}