{
    "RMSE_loss": {
        "training": 0.5968235479933875,
        "validation": 0.6249525301158428,
        "test": 0.5783892912524087
    },
    "R_squared": {
        "training": 0.3597391373234516,
        "validation": 0.5396837752895906,
        "test": 0.72882003991113
    },
    "training_duration": 2.0305659770965576,
    "inference_latency": 0.0004209109715053013
}